Name(44),Email,SamplePapers,Areas ofExpertise(out of 64),Bids,ReviewsVolunteered,AverageMatch Score,MinimumMatch Score,ReviewsAssigned,PrimaryReviews,SecondaryReviews,ReviewsRemaining,S1,R1,S2,R2,S3,R3,S4,R4,S5,R5,S6,R6,S7,R7,S8,R8,S9,R9,S10,R10
"Brehmer, Matthew",mbrehmer@tableau.com,16,,0,0,,,,,,,,,,,,,,,,,,,,,,,,,,
"Pohl, Margit",margit@igw.tuwien.ac.at,,,0,0,,,,,,,,,,,,,,,,,,,,,,,,,,
"Crisan, Anamaria",acrisan@tableau.com,5,,0,0,,,,,,,,,,,,,,,,,,,,,,,,,,
"Freitas, Carla",carla@inf.ufrgs.br,10,,0,0,,,,,,,,,,,,,,,,,,,,,,,,,,
"Aupetit, Michaël",michael.aupetit@gmail.com,,,0,0,,,,,,,,,,,,,,,,,,,,,,,,,,
"Ruddle, Roy",r.a.ruddle@leeds.ac.uk,8,,0,0,,,,,,,,,,,,,,,,,,,,,,,,,,
"Abdul-Rahman, Alfie",alfie.abdulrahman@gmail.com,,,0,0,,,,,,,,,,,,,,,,,,,,,,,,,,
"Stasko, John",john.stasko@cc.gatech.edu,14,,0,0,,,,,,,,,,,,,,,,,,,,,,,,,,
"Wacharamanotham, Chat",chat@ifi.uzh.ch,6,,0,0,,,,,,,,,,,,,,,,,,,,,,,,,,
"Reiterer, Harald",harald.reiterer@uni-konstanz.de,,,0,0,,,,,,,,,,,,,,,,,,,,,,,,,,
"Blackwell, Alan",afb21@cam.ac.uk,,,0,0,,,,,,,,,,,,,,,,,,,,,,,,,,
"Dragicevic, Pierre",pierre.dragice@gmail.com,12,,0,0,,,,,,,,,,,,,,,,,,,,,,,,,,
"Chen, Min",min.chen@oerc.ox.ac.uk,10,,0,0,,,,,,,,,,,,,,,,,,,,,,,,,,
"Plaisant, Catherine",plaisant@cs.umd.edu,,,0,0,,,,,,,,,,,,,,,,,,,,,,,,,,
"Bernard, Juergen",juergen.bernard@gris.tu-darmstadt.de,,,0,0,,,,,,,,,,,,,,,,,,,,,,,,,,
"Chang, Remco",remco@cs.tufts.edu,,,0,0,,,,,,,,,,,,,,,,,,,,,,,,,,
"Schreder, Günther",guenther.schreder@donau-uni.ac.at,,,0,0,,,,,,,,,,,,,,,,,,,,,,,,,,
"Jansen, Yvonne",yvonne.jansen@sorbonne-universite.fr,9,,0,0,,,,,,,,,,,,,,,,,,,,,,,,,,
"Santos, Beatriz Sousa",bss@ua.pt,,,0,0,,,,,,,,,,,,,,,,,,,,,,,,,,
"Kosara, Robert",rkosara@tableau.com,10,,0,0,,,,,,,,,,,,,,,,,,,,,,,,,,
"Choe, Eun Kyoung",choe@umd.edu,11,,0,0,,,,,,,,,,,,,,,,,,,,,,,,,,
"Bernard, Jürgen",jubernar@cs.ubc.ca,10,22,0,0,,,,,,,,,,,,,,,,,,,,,,,,,,
"Santucci, Giuseppe",santucci@diag.uniroma1.it,,33,0,0,,,,,,,,,,,,,,,,,,,,,,,,,,
"Correll, Michael",mcorrell@tableau.com,10,57,0,0,,,,,,,,,,,,,,,,,,,,,,,,,,
"Saket, Bahador",saket@gatech.edu,2,62,0,0,,,,,,,,,,,,,,,,,,,,,,,,,,
"Bartram, Lyn",lyn@sfu.ca,8,63,0,0,,,,,,,,,,,,,,,,,,,,,,,,,,
"Haroz, Steve",steve.haroz@gmail.com,10,63,0,0,,,,,,,,,,,,,,,,,,,,,,,,,,
"Bertini, Enrico",enrico.bertini@nyu.edu,10,64,0,0,,,,,,,,,,,,,,,,,,,,,,,,,,
"Calero Valdez, André",calero-valdez@comm.rwth-aachen.de,8,64,0,0,,,,,,,,,,,,,,,,,,,,,,,,,,
"Borkin, Michelle",m.borkin@neu.edu,9,64,0,0,,,,,,,,,,,,,,,,,,,,,,,,,,
"Lam, Heidi",heidi.lam@gmail.com,8,64,0,0,,,,,,,,,,,,,,,,,,,,,,,,,,
"Szafir, Danielle",danielle.szafir@colorado.edu,11,64,0,0,,,,,,,,,,,,,,,,,,,,,,,,,,
"Mayr, Eva",eva.mayr@donau-uni.ac.at,,64,0,0,,,,,,,,,,,,,,,,,,,,,,,,,,
"Wagner, Markus",markus.wagner@fhstp.ac.at,,64,0,0,,,,,,,,,,,,,,,,,,,,,,,,,,
"Dimara, Evanthia",evanthia.dimara@gmail.com,13,64,0,0,,,,,,,,,,,,,,,,,,,,,,,,,,
"Perin, Charles",cperin@uvic.ca,10,64,0,0,,,,,,,,,,,,,,,,,,,,,,,,,,
"Elmqvist, Niklas",elm@umd.edu,14,64,0,0,,,,,,,,,,,,,,,,,,,,,,,,,,
"Kurzhals, Kuno",kunok@ethz.ch,8,64,0,0,,,,,,,,,,,,,,,,,,,,,,,,,,
"Isenberg, Tobias",tobias.isenberg@gmail.com,15,64,0,0,,,,,,,,,,,,,,,,,,,,,,,,,,
"Walny, Jagoda",jagoda.walny-nix@cer-rec.gc.ca,8,64,0,0,,,,,,,,,,,,,,,,,,,,,,,,,,
"Gleicher, Michael",gleicher@cs.wisc.edu,10,64,0,0,,,,,,,,,,,,,,,,,,,,,,,,,,
"Knudsen, Søren",sknudsen@ucalgary.ca,10,64,0,0,,,,,,,,,,,,,,,,,,,,,,,,,,
"Lee, Bongshin",bongshin@microsoft.com,12,64,0,0,,,,,,,,,,,,,,,,,,,,,,,,,,
"Weaver, Chris",cweaver@ou.edu,13,64,0,0,,,,,,,,,,,,,,,,,,,,,,,,,,
